{
  "temperature": 5.9575000000000005,
  "logloss": {
    "coin": 0.6931471805599453,
    "elo": 0.6909155366294272,
    "uncal": 0.705024964786588,
    "cal": 0.6923240491633187
  }
}