{
  "test_n": 513,
  "ece": 0.03385990497185468,
  "logloss": {
    "coin": 0.6931471805599453,
    "elo": 0.6909155366294272,
    "usage": 0.762142676191389,
    "jolteon": 0.6987051201530181
  },
  "brier": {
    "coin": 0.25,
    "elo": 0.24878728115278845,
    "jolteon": 0.2522526840313304
  }
}