{
  "generated": "engine/pory.py \u2014 mid-game win-prob value net from real replays",
  "n_games": 7381,
  "n_states": 94198,
  "train_states": 74634,
  "test_states": 19564,
  "log_loss": {
    "pory": 0.5648,
    "pory_ci95": [
      0.55,
      0.5835
    ],
    "coin": 0.6931,
    "material_heuristic": 0.6035
  },
  "brier": {
    "pory": 0.194,
    "coin": 0.25
  },
  "accuracy": 0.6753,
  "ece": 0.0181,
  "reliability": [
    [
      0.06,
      0.041,
      964
    ],
    [
      0.152,
      0.142,
      1390
    ],
    [
      0.247,
      0.222,
      1787
    ],
    [
      0.351,
      0.383,
      1854
    ],
    [
      0.451,
      0.471,
      2100
    ],
    [
      0.519,
      0.511,
      5474
    ],
    [
      0.649,
      0.617,
      1854
    ],
    [
      0.753,
      0.778,
      1787
    ],
    [
      0.848,
      0.858,
      1390
    ],
    [
      0.94,
      0.959,
      964
    ]
  ],
  "weights": [
    -0.0,
    0.86626,
    0.48742,
    0.41143,
    -0.41143,
    -0.0
  ],
  "feat_mean": [
    0.0,
    0.0,
    3.01038,
    3.01038,
    0.43706
  ],
  "feat_std": [
    1.0008,
    0.31577,
    1.0536,
    1.0536,
    0.32952
  ],
  "features": [
    "bias",
    "alive_diff",
    "hp_diff",
    "my_alive",
    "foe_alive",
    "turn/10"
  ],
  "verdict": "PORY beats coin AND the material heuristic on held-out log-loss \u2014 a real, calibrated value net."
}