{
  "w": [
    0.19086582759651677,
    0.03745311560132683,
    0.05151439132084766,
    -0.1530080278123278,
    -0.07115919025858271,
    0.04971567198192049
  ],
  "mu": [
    0.022141930702241987,
    0.01290161200667035,
    2.9331109875856956,
    2.9109690568834536,
    0.4050398369464439
  ],
  "sd": [
    1.3155794598118526,
    1.14733691806132,
    1.2439852012851067,
    1.2222628092364551,
    0.364313431701282
  ],
  "test_logloss": 0.6817986470630447,
  "test_brier": 0.24440967141588552
}